Deal name,Amount,Deal stage,Close date,Create date,Lead Source,Primary Campaign ID,Expected Revenue,Salesforce Account ID,Salesforce Opportunity ID
Keystone Systems 68 - Lifecycle Redesign,54451,Demo,2025-09-07,2025-06-07,Organic Search,CMP000016,21780.4,ACC000555,OPP001285
Apex Solutions - Reporting Build,17520,Discovery,2026-06-14,2026-04-18,Referral,CMP000004,4380.0,ACC000300,OPP000120
Bright Software 68 - Lifecycle Redesign,351793,Proposal,2025-12-07,2025-07-26,LinkedIn,CMP000008,211075.8,ACC000595,OPP000805
Bright Labs 72 - Lifecycle Redesign,53377,Discovery,2025-09-11,2025-06-15,Event,CMP000036,13344.25,ACC000101,OPP001386
Nova Markets - HubSpot-SFDC Integration,115888,Demo,2025-09-17,2025-04-05,Outbound,CMP000004,46355.2,ACC000009,OPP000226
Nova Ops - HubSpot-SFDC Integration,78061,Closed Won,2026-02-17,2025-11-08,Event,,78061.0,ACC000054,OPP001282
Keystone Ops - Lifecycle Redesign,108962,Prospecting,2026-07-09,2026-01-29,Referral,,10896.2,ACC000609,OPP001268
Meridian Dynamics 77 - HubSpot-SFDC Integration,613320,Negotiation,2026-05-27,2025-12-29,LinkedIn,CMP000028,459990.0,ACC000591,OPP000334
Summit Analytics - HubSpot-SFDC Integration,62355,Demo,2025-05-31,2025-04-29,Referral,CMP000031,24942.0,ACC000035,OPP000380
Keystone Cloud - HubSpot-SFDC Integration,74282,Closed Won,2025-12-12,2025-08-20,LinkedIn,CMP000032,74282.0,ACC000325,OPP001116
Keystone Platform 12 - HubSpot-SFDC Integration,12634,Closed Won,2025-06-26,2025-05-29,Organic Search,CMP000021,12634.0,ACC000416,OPP001383
Clearpath Platform 74 - Reporting Build,25130,Prospecting,2025-04-29,2025-04-05,Paid Search,CMP000015,2513.0,ACC000627,OPP000932
Summit Networks 26 - RevOps Retainer,10035,Closed Won,2026-05-10,2026-02-28,Webinar,CMP000029,10035.0,ACC000098,OPP001391
Nimbus Platform 83 - RevOps Retainer,23722,Demo,2026-05-20,2026-04-06,Partner,CMP000014,9488.8,ACC000153,OPP000108
Ironwood Software - RevOps Retainer,378894,Proposal,2025-08-31,2025-04-22,Organic Search,CMP000033,227336.4,ACC000092,OPP000531
Bright Ops - Lifecycle Redesign,51326,Closed Won,2025-02-09,2025-01-07,Organic Search,CMP000010,51326.0,ACC000316,OPP000450
Atlas Data 82 - HubSpot-SFDC Integration,72503,Demo,2025-10-08,2025-09-23,Partner,CMP000035,29001.2,ACC000649,OPP000941
Clearpath Health 19 - RevOps Retainer,102148,Prospecting,2025-12-01,2025-09-13,Content Download,CMP000015,10214.8,ACC000359,OPP001476
Bright Data 15 - HubSpot-SFDC Integration,56000,Closed Lost,2026-09-04,2026-05-03,LinkedIn,CMP000007,0.0,ACC000203,OPP001514
Apex Group 17 - HubSpot-SFDC Integration,79556,Discovery,2025-05-20,2025-01-02,Paid Search,CMP000024,19889.0,ACC000405,OPP000821
BluePeak Systems - RevOps Retainer,68190,Discovery,2025-09-29,2025-07-12,Webinar,CMP000005,17047.5,ACC000229,OPP001380
Summit Dynamics - CRM Cleanup,80411,Closed Lost,2026-05-15,2026-01-11,Referral,CMP000016,0.0,ACC000022,OPP000251
Apex Group - CRM Cleanup,369095,Closed Won,2026-09-11,2026-04-05,Outbound,CMP000028,369095.0,ACC000375,OPP000694
Bright Networks - Lead Routing,15308,Closed Lost,2025-05-07,2025-03-01,Paid Search,,0.0,ACC000115,OPP001084
Summit Solutions - Lead Routing,29141,Closed Won,2025-08-03,2025-05-16,Direct,CMP000010,29141.0,ACC000005,OPP000507
Ironwood Cloud - HubSpot-SFDC Integration,86339,Prospecting,2025-04-30,2025-04-15,Webinar,CMP000035,8633.9,ACC000128,OPP000373
Signal Health 89 - Lifecycle Redesign,59025,Closed Lost,2026-04-18,2025-12-17,Paid Search,CMP000035,0.0,ACC000508,OPP001452
Atlas Ops - HubSpot-SFDC Integration,67582,Proposal,2026-10-11,2026-05-11,Outbound,,40549.2,ACC000143,OPP000745
Ironwood Platform 56 - HubSpot-SFDC Integration,38804,Discovery,2026-06-27,2026-03-21,Organic Search,CMP000017,9701.0,ACC000168,OPP000754
Northstar Health - Lifecycle Redesign,82527,Demo,2026-08-14,2026-02-28,Content Download,CMP000008,33010.8,ACC000532,OPP001591
Apex Dynamics - Reporting Build,471164,Negotiation,2026-07-12,2026-03-20,Direct,CMP000028,353373.0,ACC000387,OPP000189
Bright Networks 83 - Lifecycle Redesign,8657,Discovery,2026-04-03,2026-01-12,Event,CMP000012,2164.25,ACC000620,OPP000690
Nova Analytics - CRM Cleanup,116653,Proposal,2025-10-20,2025-05-12,Outbound,CMP000013,69991.8,ACC000063,OPP000199
Cobalt Group - Lifecycle Redesign,68247,Discovery,2025-04-14,2025-03-03,Partner,CMP000012,17061.75,ACC000355,OPP000166
Nimbus Health 75 - Lead Routing,61909,Discovery,2025-12-23,2025-09-14,Outbound,CMP000008,15477.25,ACC000424,OPP000070
Keystone Dynamics 63 - Lifecycle Redesign,71600,Negotiation,2026-02-03,2025-12-05,LinkedIn,CMP000008,53700.0,ACC000537,OPP001568
Evergreen Works - Reporting Build,44070,Discovery,2026-06-01,2026-02-12,LinkedIn,CMP000019,11017.5,ACC000239,OPP000368
Northstar Markets - Lead Routing,20092,Demo,2025-05-05,2025-02-20,Content Download,,8036.8,ACC000237,OPP001013
Atlas Group - Lead Routing,10595,Closed Lost,2025-09-03,2025-06-29,Webinar,CMP000032,0.0,ACC000189,OPP001420
Signal Group - HubSpot-SFDC Integration,227688,Proposal,2026-01-24,2025-09-05,Webinar,CMP000003,136612.8,ACC000033,OPP000818
Atlas Data 24 - Lifecycle Redesign,14816,Negotiation,2025-03-10,2025-01-27,Webinar,,11112.0,ACC000561,OPP001253
Nimbus Ops 79 - Reporting Build,66612,Prospecting,2025-11-28,2025-10-09,Paid Search,CMP000017,6661.2,ACC000489,OPP000767
Northstar Markets 65 - Lead Routing,112279,Closed Won,2025-08-27,2025-04-09,Event,CMP000012,112279.0,ACC000538,OPP001349
Vertex Solutions 20 - Lead Routing,47791,Closed Lost,2025-11-23,2025-09-13,Event,CMP000015,0.0,ACC000111,OPP000332
Pioneer Health 24 - CRM Cleanup,80116,Proposal,2026-01-24,2025-10-31,Organic Search,CMP000013,48069.6,ACC000313,OPP001255
Nimbus Dynamics 49 - RevOps Retainer,234444,Closed Won,2026-05-27,2026-02-03,Direct,CMP000031,234444.0,ACC000619,OPP000930
Evergreen Systems 95 - CRM Cleanup,138812,Discovery,2025-06-13,2025-01-19,Partner,CMP000022,34703.0,ACC000364,OPP000029
Vertex Systems 29 - RevOps Retainer,224482,Prospecting,2025-10-12,2025-06-14,Paid Search,CMP000003,22448.2,ACC000337,OPP000486
Apex Group 61 - Lifecycle Redesign,199504,Demo,2025-05-15,2025-02-06,Paid Search,CMP000009,79801.6,ACC000563,OPP001059
Clearpath Intelligence 94 - HubSpot-SFDC Integration,38603,Demo,2025-09-14,2025-04-29,Referral,CMP000028,15441.2,ACC000408,OPP001626
Signal Solutions - Lifecycle Redesign,42581,Negotiation,2026-04-19,2026-01-11,LinkedIn,,31935.75,ACC000055,OPP001548
BluePeak Works - Lead Routing,10384,Closed Lost,2026-04-11,2026-03-24,Content Download,CMP000026,0.0,ACC000099,OPP001296
Cobalt Cloud 5 - CRM Cleanup,49172,Prospecting,2025-09-12,2025-07-25,Organic Search,,4917.2,ACC000573,OPP000228
Apex Ops 16 - HubSpot-SFDC Integration,8116,Proposal,2026-05-12,2026-03-16,Event,CMP000018,4869.6,ACC000483,OPP000715
Vertex Networks 19 - Lifecycle Redesign,15675,Prospecting,2025-02-28,2025-02-13,Outbound,CMP000026,1567.5,ACC000602,OPP000106
Keystone Intelligence - Lead Routing,9549,Discovery,2026-06-30,2026-05-10,Event,CMP000003,2387.25,ACC000020,OPP000134
Catalyst Group 20 - Lifecycle Redesign,170136,Closed Won,2026-02-09,2025-10-19,Content Download,CMP000036,170136.0,ACC000163,OPP000457
Evergreen Works - Lifecycle Redesign,113638,Negotiation,2026-07-26,2026-04-27,Paid Search,CMP000009,85228.5,ACC000239,OPP000595
Cobalt Dynamics 47 - RevOps Retainer,47353,Prospecting,2025-07-14,2025-03-21,Webinar,,4735.3,ACC000506,OPP001523
Bright Dynamics 96 - Reporting Build,24718,Closed Lost,2025-12-10,2025-10-27,Content Download,CMP000005,0.0,ACC000332,OPP000517
Meridian Markets 2 - Reporting Build,211773,Prospecting,2025-04-30,2025-01-27,Referral,CMP000019,21177.3,ACC000074,OPP001177
Northstar Ops 94 - CRM Cleanup,17601,Discovery,2026-06-09,2026-02-12,LinkedIn,CMP000018,4400.25,ACC000446,OPP000903
Clearpath Networks 88 - Lead Routing,41795,Closed Lost,2026-05-17,2026-03-14,Direct,CMP000033,0.0,ACC000381,OPP000522
Northstar Health - Lead Routing,231682,Closed Won,2026-01-12,2025-08-15,Webinar,CMP000028,231682.0,ACC000532,OPP001258
Nimbus Intelligence - RevOps Retainer,26094,Discovery,2026-07-27,2026-05-21,Event,CMP000020,6523.5,ACC000083,OPP001054
Vertex Platform - Lifecycle Redesign,142608,Closed Won,2026-04-04,2025-12-26,Paid Search,CMP000018,142608.0,ACC000346,OPP000363
Evergreen Systems - HubSpot-SFDC Integration,416730,Proposal,2026-10-28,2026-05-25,Content Download,CMP000011,250038.0,ACC000025,OPP001625
Catalyst Works 16 - Lifecycle Redesign,100175,Closed Lost,2026-09-01,2026-03-30,Outbound,CMP000014,0.0,ACC000382,OPP001650
Vertex Analytics 84 - Reporting Build,26784,Proposal,2025-06-25,2025-04-23,Webinar,CMP000034,16070.4,ACC000209,OPP000097
Clearpath Intelligence 94 - Reporting Build,144864,Negotiation,2026-10-09,2026-06-07,Event,CMP000009,108648.0,ACC000408,OPP000520
Summit Networks 59 - Reporting Build,60236,Proposal,2025-09-29,2025-08-23,Paid Search,CMP000024,36141.6,ACC000438,OPP000701
Nimbus Health 75 - Reporting Build,47499,Discovery,2025-08-14,2025-06-20,Webinar,CMP000018,11874.75,ACC000424,OPP000023
Bright Markets 38 - RevOps Retainer,154421,Discovery,2025-08-05,2025-03-21,Paid Search,CMP000005,38605.25,ACC000146,OPP001460
Catalyst Data 39 - HubSpot-SFDC Integration,150260,Negotiation,2025-08-03,2025-04-11,Referral,,112695.0,ACC000528,OPP000293
Northstar Intelligence - Reporting Build,28928,Closed Lost,2026-05-01,2026-02-10,LinkedIn,CMP000020,0.0,ACC000461,OPP000857
Bright Markets 38 - CRM Cleanup,92609,Discovery,2025-08-04,2025-04-12,Direct,CMP000015,23152.25,ACC000146,OPP001557
Meridian Labs - CRM Cleanup,12834,Demo,2025-11-19,2025-11-04,Direct,CMP000004,5133.6,ACC000275,OPP000553
Catalyst Intelligence 41 - Reporting Build,40939,Prospecting,2025-03-21,2025-01-30,Direct,CMP000018,4093.9,ACC000515,OPP001542
Nimbus Analytics 95 - CRM Cleanup,31552,Discovery,2026-08-29,2026-05-10,Outbound,CMP000033,7888.0,ACC000589,OPP000540
Evergreen Data - Lead Routing,16441,Closed Won,2025-10-24,2025-08-30,Organic Search,CMP000018,16441.0,ACC000073,OPP001397
Atlas Intelligence 88 - CRM Cleanup,9347,Prospecting,2025-10-14,2025-07-18,Direct,CMP000026,934.7,ACC000529,OPP001083
Catalyst Health 65 - Reporting Build,77942,Proposal,2025-10-19,2025-06-18,LinkedIn,CMP000012,46765.2,ACC000463,OPP000688
Summit Solutions - Reporting Build,23021,Demo,2025-07-18,2025-06-06,Event,CMP000001,9208.4,ACC000005,OPP001082
Meridian Ops 42 - Lead Routing,187763,Closed Lost,2026-03-15,2025-10-05,Webinar,CMP000019,0.0,ACC000575,OPP000025
Clearpath Labs 59 - RevOps Retainer,22227,Prospecting,2025-08-25,2025-05-17,Content Download,CMP000016,2222.7,ACC000202,OPP000730
Summit Group - HubSpot-SFDC Integration,282144,Demo,2025-08-16,2025-04-10,Organic Search,CMP000004,112857.6,ACC000231,OPP000307
Keystone Platform 46 - Lead Routing,39804,Closed Won,2026-04-12,2026-03-13,Organic Search,CMP000012,39804.0,ACC000498,OPP000867
Atlas Health 62 - CRM Cleanup,90492,Discovery,2026-07-28,2026-06-10,Outbound,CMP000018,22623.0,ACC000505,OPP000005
Northstar Solutions 23 - Lifecycle Redesign,99774,Negotiation,2025-03-11,2025-01-06,Webinar,CMP000024,74830.5,ACC000605,OPP001063
Pioneer Software - Lifecycle Redesign,334672,Demo,2026-07-26,2026-03-25,Event,CMP000002,133868.8,ACC000159,OPP001081
Cobalt Markets - Reporting Build,141229,Closed Won,2025-06-14,2025-03-13,Outbound,CMP000020,141229.0,ACC000311,OPP000524
Pioneer Labs 30 - RevOps Retainer,29191,Discovery,2025-09-06,2025-07-12,Organic Search,CMP000033,7297.75,ACC000543,OPP001096
Summit Markets 80 - Lifecycle Redesign,25218,Proposal,2025-06-15,2025-04-27,Event,CMP000013,15130.8,ACC000158,OPP000178
Signal Markets - CRM Cleanup,86754,Closed Lost,2026-05-15,2026-02-28,Event,CMP000006,0.0,ACC000361,OPP000256
Summit Health 69 - RevOps Retainer,75481,Negotiation,2025-06-19,2025-02-17,Referral,CMP000002,56610.75,ACC000340,OPP000991
Cobalt Platform 66 - HubSpot-SFDC Integration,36698,Closed Lost,2026-04-26,2026-01-04,Referral,CMP000003,0.0,ACC000272,OPP000997
Keystone Systems 68 - RevOps Retainer,200762,Demo,2026-04-10,2026-01-07,Partner,CMP000027,80304.8,ACC000555,OPP001373
Evergreen Health - CRM Cleanup,49115,Discovery,2025-06-27,2025-06-07,Direct,CMP000023,12278.75,ACC000264,OPP001517
Cobalt Platform 66 - HubSpot-SFDC Integration,83019,Prospecting,2025-12-12,2025-07-09,Partner,CMP000026,8301.9,ACC000272,OPP000175
Ironwood Ops - CRM Cleanup,51569,Closed Won,2026-01-09,2025-10-06,Direct,CMP000030,51569.0,ACC000253,OPP000234
Nova Analytics - Reporting Build,94612,Proposal,2026-04-27,2025-10-19,Organic Search,CMP000014,56767.2,ACC000063,OPP001168
Ironwood Cloud - Reporting Build,22626,Discovery,2025-04-23,2025-02-06,Partner,CMP000006,5656.5,ACC000128,OPP000242
Meridian Works - Lead Routing,102160,Closed Lost,2025-04-29,2025-01-07,Content Download,CMP000009,0.0,ACC000207,OPP001549
Pioneer Networks - CRM Cleanup,8331,Demo,2025-04-26,2025-03-01,Organic Search,CMP000028,3332.4,ACC000100,OPP000735
Meridian Networks - Lifecycle Redesign,38339,Proposal,2025-12-13,2025-10-14,Partner,CMP000002,23003.4,ACC000323,OPP001612
Meridian Software - Lifecycle Redesign,224001,Proposal,2026-03-12,2025-11-07,Outbound,CMP000012,134400.6,ACC000643,OPP001068
Summit Cloud - CRM Cleanup,71423,Prospecting,2026-06-21,2026-01-25,Outbound,CMP000004,7142.3,ACC000273,OPP001401
Northstar Cloud - HubSpot-SFDC Integration,149389,Proposal,2025-12-12,2025-06-21,Partner,CMP000007,89633.4,ACC000181,OPP001183
Ironwood Ops - Lifecycle Redesign,33032,Proposal,2026-08-09,2026-05-01,Direct,,19819.2,ACC000253,OPP001138
Bright Dynamics 65 - Lead Routing,56977,Negotiation,2026-10-28,2026-05-05,Direct,CMP000019,42732.75,ACC000412,OPP001418
Vertex Systems 29 - HubSpot-SFDC Integration,141492,Negotiation,2026-03-22,2025-09-15,Outbound,CMP000011,106119.0,ACC000337,OPP000246
Northstar Markets - Lifecycle Redesign,94558,Demo,2025-04-06,2025-01-13,Outbound,CMP000022,37823.2,ACC000237,OPP000452
Signal Markets 42 - CRM Cleanup,15889,Proposal,2025-12-06,2025-09-04,Outbound,CMP000009,9533.4,ACC000286,OPP001456
Summit Software - RevOps Retainer,8100,Demo,2025-04-30,2025-04-15,Partner,CMP000011,3240.0,ACC000196,OPP000209
Cobalt Dynamics 47 - Reporting Build,144194,Closed Won,2025-11-22,2025-07-29,Content Download,CMP000033,144194.0,ACC000506,OPP000446
Meridian Ops 42 - RevOps Retainer,164610,Closed Lost,2026-06-07,2026-01-22,Organic Search,CMP000017,0.0,ACC000575,OPP000144
Keystone Health - HubSpot-SFDC Integration,30270,Prospecting,2026-06-22,2026-04-23,Paid Search,CMP000018,3027.0,ACC000173,OPP000451
Vertex Systems 24 - Lifecycle Redesign,14647,Closed Won,2025-05-14,2025-03-30,Content Download,CMP000032,14647.0,ACC000491,OPP000054
Apex Group - RevOps Retainer,84866,Discovery,2025-06-06,2025-02-04,Paid Search,CMP000029,21216.5,ACC000375,OPP001272
Nova Networks 81 - HubSpot-SFDC Integration,97477,Closed Lost,2026-03-13,2025-11-17,Organic Search,CMP000025,0.0,ACC000193,OPP001037
Summit Ops 58 - Lead Routing,61932,Negotiation,2026-05-29,2026-02-12,Paid Search,CMP000031,46449.0,ACC000521,OPP001624
BluePeak Cloud 83 - Lead Routing,52877,Prospecting,2026-04-15,2026-01-08,Organic Search,,5287.7,ACC000435,OPP000412
Pioneer Systems 72 - RevOps Retainer,93659,Prospecting,2026-07-11,2026-05-20,Partner,,9365.9,ACC000579,OPP001152
Vertex Dynamics 65 - Lifecycle Redesign,82848,Closed Lost,2026-01-13,2025-07-31,Outbound,CMP000013,0.0,ACC000251,OPP000193
Northstar Data 7 - Reporting Build,28281,Proposal,2026-08-07,2026-06-08,Content Download,CMP000013,16968.6,ACC000476,OPP000633
Cobalt Platform 66 - HubSpot-SFDC Integration,163106,Discovery,2026-10-28,2026-06-01,Event,CMP000005,40776.5,ACC000272,OPP000951
Evergreen Networks 99 - Reporting Build,148396,Proposal,2025-11-22,2025-08-15,Referral,CMP000010,89037.6,ACC000414,OPP001003
Pioneer Works 29 - Reporting Build,16622,Demo,2026-04-28,2026-02-04,Direct,CMP000002,6648.8,ACC000567,OPP001445
Evergreen Cloud 80 - CRM Cleanup,11871,Demo,2025-11-18,2025-10-01,Referral,CMP000021,4748.4,ACC000252,OPP000305
Evergreen Analytics 41 - Lifecycle Redesign,196935,Closed Lost,2026-07-18,2026-03-15,Organic Search,CMP000025,0.0,ACC000580,OPP001104
Meridian Ops - CRM Cleanup,79753,Closed Won,2025-11-29,2025-07-09,Content Download,,79753.0,ACC000216,OPP000270
BluePeak Labs - HubSpot-SFDC Integration,158403,Closed Lost,2026-03-30,2026-01-01,Partner,CMP000022,0.0,ACC000255,OPP001207
Northstar Software 45 - CRM Cleanup,101376,Negotiation,2025-06-18,2025-04-02,Direct,CMP000014,76032.0,ACC000210,OPP001120
Cobalt Dynamics - Lead Routing,81331,Negotiation,2026-08-14,2026-02-11,Organic Search,CMP000018,60998.25,ACC000606,OPP000668
Clearpath Cloud - Reporting Build,42435,Demo,2025-11-17,2025-09-07,Content Download,CMP000035,16974.0,ACC000445,OPP000766
Ironwood Health 54 - HubSpot-SFDC Integration,59660,Prospecting,2026-05-26,2026-03-28,Paid Search,CMP000007,5966.0,ACC000535,OPP000521
Cobalt Dynamics - Reporting Build,147079,Closed Won,2026-02-26,2025-11-06,Referral,CMP000030,147079.0,ACC000606,OPP000083
BluePeak Health - CRM Cleanup,23523,Demo,2026-03-05,2026-01-04,Event,CMP000004,9409.2,ACC000007,OPP000049
Catalyst Intelligence - CRM Cleanup,283042,Closed Lost,2026-04-25,2025-11-03,Referral,CMP000010,0.0,ACC000464,OPP000058
Keystone Cloud - CRM Cleanup,144645,Prospecting,2026-06-17,2026-01-05,LinkedIn,CMP000024,14464.5,ACC000325,OPP000655
Summit Markets 10 - CRM Cleanup,118681,Proposal,2025-12-08,2025-08-21,Content Download,CMP000030,71208.6,ACC000500,OPP000312
Keystone Dynamics - Reporting Build,458048,Prospecting,2025-12-23,2025-07-13,Organic Search,CMP000016,45804.8,ACC000266,OPP000374
BluePeak Cloud 83 - RevOps Retainer,23466,Demo,2025-12-13,2025-08-26,Direct,CMP000036,9386.4,ACC000435,OPP000111
Vertex Dynamics 39 - RevOps Retainer,158283,Closed Lost,2026-03-24,2025-12-29,Direct,CMP000013,0.0,ACC000436,OPP001121
Summit Ops - Reporting Build,226323,Proposal,2026-07-19,2026-01-16,LinkedIn,CMP000025,135793.8,ACC000105,OPP000666
Evergreen Group 93 - RevOps Retainer,164899,Demo,2025-05-12,2025-01-11,Webinar,CMP000032,65959.6,ACC000552,OPP001369
Vertex Networks 66 - RevOps Retainer,32132,Negotiation,2026-04-09,2025-12-31,Organic Search,CMP000010,24099.0,ACC000553,OPP001224
Vertex Systems - Lead Routing,209721,Proposal,2026-05-20,2025-12-03,Event,CMP000006,125832.6,ACC000064,OPP000536
Keystone Health - CRM Cleanup,117676,Discovery,2026-04-04,2025-11-08,LinkedIn,CMP000019,29419.0,ACC000173,OPP001563
Vertex Dynamics 39 - RevOps Retainer,184971,Proposal,2025-08-08,2025-03-24,Referral,CMP000019,110982.6,ACC000436,OPP000159
Catalyst Data 39 - RevOps Retainer,44729,Negotiation,2026-08-30,2026-04-01,Content Download,CMP000027,33546.75,ACC000528,OPP000963
Nova Cloud 58 - Lead Routing,217374,Demo,2025-11-03,2025-05-12,Webinar,CMP000007,86949.6,ACC000199,OPP000722
Bright Cloud 66 - Lifecycle Redesign,49440,Closed Won,2026-01-21,2025-09-19,Event,CMP000012,49440.0,ACC000131,OPP000576
BluePeak Group 91 - HubSpot-SFDC Integration,9610,Negotiation,2026-01-28,2025-10-30,Referral,CMP000015,7207.5,ACC000322,OPP000401
Summit Systems - RevOps Retainer,25828,Proposal,2026-09-17,2026-05-05,Paid Search,CMP000024,15496.8,ACC000084,OPP000542
Nimbus Analytics 95 - Lead Routing,184223,Prospecting,2025-06-23,2025-02-14,Direct,CMP000014,18422.3,ACC000589,OPP000599
Catalyst Solutions 58 - RevOps Retainer,100999,Prospecting,2025-10-28,2025-08-22,Event,CMP000002,10099.9,ACC000070,OPP000654
Vertex Platform - Reporting Build,230892,Prospecting,2026-02-24,2025-10-04,Referral,CMP000033,23089.2,ACC000346,OPP000833
Evergreen Markets 75 - RevOps Retainer,228782,Discovery,2025-08-23,2025-05-24,Direct,,57195.5,ACC000479,OPP001521
Meridian Data 49 - Lead Routing,72522,Prospecting,2025-10-12,2025-06-16,Event,CMP000026,7252.2,ACC000157,OPP000479
Evergreen Cloud - RevOps Retainer,38879,Discovery,2026-07-10,2026-04-14,Webinar,CMP000028,9719.75,ACC000044,OPP000007
Atlas Cloud 86 - HubSpot-SFDC Integration,239370,Closed Won,2025-05-08,2025-04-23,Partner,CMP000034,239370.0,ACC000320,OPP001399
Northstar Ops - RevOps Retainer,81255,Negotiation,2026-07-04,2026-04-03,Outbound,CMP000035,60941.25,ACC000003,OPP001226
Vertex Platform - CRM Cleanup,83597,Demo,2026-08-29,2026-04-11,Organic Search,CMP000025,33438.8,ACC000346,OPP001147
Vertex Health - RevOps Retainer,94234,Closed Won,2026-05-29,2026-02-13,Event,CMP000026,94234.0,ACC000290,OPP001217
Ironwood Platform 46 - Lifecycle Redesign,50864,Discovery,2026-09-23,2026-06-08,Referral,CMP000013,12716.0,ACC000610,OPP000725
Cobalt Cloud 80 - Lifecycle Redesign,8639,Demo,2026-05-15,2026-03-27,Webinar,CMP000030,3455.6,ACC000512,OPP001544
Vertex Health 82 - HubSpot-SFDC Integration,90250,Closed Lost,2025-09-24,2025-07-09,Organic Search,,0.0,ACC000147,OPP001000
Clearpath Cloud - RevOps Retainer,218415,Closed Won,2025-03-31,2025-01-23,Outbound,CMP000012,218415.0,ACC000445,OPP000984
Nimbus Markets 25 - HubSpot-SFDC Integration,230708,Discovery,2026-05-01,2025-11-17,Partner,CMP000030,57677.0,ACC000635,OPP001290
Cobalt Labs 56 - Reporting Build,53377,Closed Lost,2025-12-04,2025-08-17,Outbound,CMP000029,0.0,ACC000310,OPP000615
Evergreen Ops 30 - CRM Cleanup,122413,Closed Won,2026-01-30,2025-09-18,Content Download,CMP000028,122413.0,ACC000426,OPP001583
Summit Health 69 - Lifecycle Redesign,252971,Demo,2026-03-11,2025-11-24,Paid Search,CMP000034,101188.4,ACC000340,OPP000481
Cobalt Health - CRM Cleanup,40084,Closed Won,2025-09-14,2025-08-15,Webinar,CMP000009,40084.0,ACC000317,OPP000405
Cobalt Cloud 5 - HubSpot-SFDC Integration,57845,Prospecting,2026-06-10,2026-03-17,LinkedIn,CMP000031,5784.5,ACC000573,OPP001308
Nimbus Software - CRM Cleanup,18104,Prospecting,2025-11-18,2025-07-11,Paid Search,CMP000021,1810.4,ACC000259,OPP000585
Evergreen Solutions - Lifecycle Redesign,54722,Prospecting,2025-06-04,2025-03-10,Direct,CMP000015,5472.2,ACC000471,OPP001623
Catalyst Software 33 - RevOps Retainer,24259,Proposal,2025-10-17,2025-06-13,LinkedIn,CMP000029,14555.4,ACC000633,OPP001146
Clearpath Intelligence 41 - Lifecycle Redesign,103287,Discovery,2025-07-07,2025-01-28,Content Download,CMP000010,25821.75,ACC000330,OPP000376
Apex Networks - RevOps Retainer,164970,Proposal,2026-01-09,2025-09-15,Content Download,CMP000024,98982.0,ACC000246,OPP000119
Clearpath Markets 43 - HubSpot-SFDC Integration,10089,Closed Won,2025-02-10,2025-01-01,Event,CMP000003,10089.0,ACC000397,OPP000277
Summit Cloud - Lead Routing,119144,Proposal,2026-08-07,2026-04-13,Webinar,CMP000002,71486.4,ACC000273,OPP000432
Catalyst Cloud 14 - Reporting Build,42018,Prospecting,2026-05-01,2026-01-16,Paid Search,CMP000009,4201.8,ACC000265,OPP000912
Apex Systems - RevOps Retainer,73629,Negotiation,2025-09-08,2025-03-29,Direct,,55221.75,ACC000638,OPP001143
Evergreen Ops 30 - Reporting Build,211934,Demo,2026-01-20,2025-10-21,Paid Search,CMP000024,84773.6,ACC000426,OPP000617
Summit Dynamics - Lead Routing,123667,Closed Lost,2025-12-17,2025-07-15,Direct,,0.0,ACC000022,OPP000584
Vertex Analytics - RevOps Retainer,83515,Demo,2026-04-10,2025-12-07,Event,CMP000004,33406.0,ACC000133,OPP000431
Nova Analytics - CRM Cleanup,31707,Prospecting,2026-05-14,2025-12-19,Event,CMP000030,3170.7,ACC000063,OPP001286
Signal Group - Reporting Build,33149,Closed Lost,2025-05-31,2025-03-09,Direct,CMP000007,0.0,ACC000033,OPP000913
Bright Dynamics 65 - RevOps Retainer,173920,Discovery,2025-09-29,2025-06-04,Partner,CMP000022,43480.0,ACC000412,OPP000647
Bright Dynamics 65 - Reporting Build,48732,Closed Lost,2025-06-23,2025-02-05,LinkedIn,CMP000001,0.0,ACC000412,OPP001483
Northstar Dynamics 19 - Lifecycle Redesign,76543,Closed Lost,2025-08-14,2025-05-06,Content Download,CMP000001,0.0,ACC000578,OPP000308
Northstar Intelligence - Lead Routing,35436,Discovery,2026-01-21,2025-10-29,Referral,CMP000021,8859.0,ACC000461,OPP000484
Nova Intelligence 92 - RevOps Retainer,291370,Proposal,2026-01-05,2025-09-19,Webinar,CMP000012,174822.0,ACC000249,OPP000752
Nova Data - Reporting Build,81582,Closed Lost,2025-04-06,2025-01-03,Content Download,CMP000003,0.0,ACC000307,OPP000968
Cobalt Labs 40 - RevOps Retainer,69964,Proposal,2026-08-20,2026-05-01,Webinar,CMP000013,41978.4,ACC000516,OPP000863
Ironwood Data - Reporting Build,33406,Negotiation,2026-03-25,2025-12-06,Outbound,CMP000035,25054.5,ACC000089,OPP001110
Meridian Systems - Lifecycle Redesign,272264,Prospecting,2026-03-14,2025-09-26,Event,CMP000030,27226.4,ACC000027,OPP000325
BluePeak Labs - Reporting Build,141783,Discovery,2025-08-07,2025-04-05,LinkedIn,CMP000016,35445.75,ACC000255,OPP001560
Apex Group - HubSpot-SFDC Integration,75381,Prospecting,2026-10-04,2026-04-04,Content Download,CMP000027,7538.1,ACC000375,OPP000670
Meridian Labs 60 - Lifecycle Redesign,175029,Proposal,2026-05-15,2025-12-03,Organic Search,CMP000021,105017.4,ACC000118,OPP001494
Summit Ops - RevOps Retainer,125431,Prospecting,2025-06-29,2025-02-27,Event,CMP000024,12543.1,ACC000105,OPP000179
Ironwood Networks 73 - RevOps Retainer,97212,Closed Lost,2025-11-10,2025-09-03,Webinar,CMP000004,0.0,ACC000384,OPP001313
Nimbus Software - Lifecycle Redesign,35714,Discovery,2026-03-26,2025-12-23,Partner,CMP000033,8928.5,ACC000259,OPP000170
BluePeak Ops 21 - CRM Cleanup,65498,Proposal,2025-07-11,2025-04-06,LinkedIn,CMP000036,39298.8,ACC000607,OPP000702
Northstar Networks 30 - Lead Routing,151586,Demo,2025-05-06,2025-02-13,Organic Search,CMP000027,60634.4,ACC000581,OPP000769
Clearpath Intelligence 94 - HubSpot-SFDC Integration,80864,Prospecting,2026-01-01,2025-08-25,Outbound,,8086.4,ACC000408,OPP000954
Ironwood Markets - Lead Routing,41580,Proposal,2026-10-15,2026-06-10,Direct,CMP000006,24948.0,ACC000026,OPP000184
Meridian Works 77 - RevOps Retainer,259650,Closed Lost,2025-03-14,2025-01-15,Referral,CMP000010,0.0,ACC000277,OPP000039
Bright Solutions - Reporting Build,28577,Closed Lost,2026-05-13,2026-04-24,Webinar,CMP000012,0.0,ACC000078,OPP000243
Keystone Markets - HubSpot-SFDC Integration,9249,Proposal,2026-03-28,2026-02-26,Partner,CMP000024,5549.4,ACC000028,OPP001122
Northstar Markets 56 - Reporting Build,135263,Negotiation,2026-05-23,2026-01-20,Event,CMP000015,101447.25,ACC000640,OPP000205
BluePeak Ops 21 - Lifecycle Redesign,67504,Proposal,2026-09-20,2026-05-19,Content Download,CMP000023,40502.4,ACC000607,OPP000570
Pioneer Intelligence - HubSpot-SFDC Integration,5000,Demo,2026-06-21,2026-06-06,Event,CMP000035,2000.0,ACC000138,OPP000009
Bright Systems 91 - CRM Cleanup,157545,Negotiation,2026-08-02,2026-04-06,Content Download,CMP000001,118158.75,ACC000343,OPP001129
Pioneer Solutions - Lead Routing,65698,Closed Lost,2025-04-18,2025-02-12,Outbound,CMP000012,0.0,ACC000353,OPP000649
Meridian Software 78 - Reporting Build,193523,Demo,2025-06-03,2025-01-16,Outbound,CMP000003,77409.2,ACC000126,OPP001060
Nimbus Data - CRM Cleanup,162790,Closed Lost,2025-11-10,2025-06-23,Direct,CMP000012,0.0,ACC000141,OPP000841
Nova Markets - Reporting Build,108424,Discovery,2026-10-24,2026-05-17,Partner,CMP000036,27106.0,ACC000009,OPP000163
Evergreen Networks 48 - RevOps Retainer,76607,Proposal,2025-09-03,2025-05-09,Direct,CMP000024,45964.2,ACC000379,OPP000161
Cobalt Platform 29 - Reporting Build,29974,Demo,2025-10-21,2025-07-20,Content Download,CMP000034,11989.6,ACC000398,OPP001148
Cobalt Cloud - Reporting Build,13365,Proposal,2025-06-04,2025-05-15,Outbound,CMP000013,8019.0,ACC000404,OPP000072
Cobalt Works - Reporting Build,34222,Prospecting,2025-09-22,2025-07-25,Referral,,3422.2,ACC000095,OPP000764
Cobalt Intelligence - RevOps Retainer,33868,Prospecting,2026-05-15,2026-01-17,Direct,CMP000014,3386.8,ACC000228,OPP001014
Nova Cloud 58 - RevOps Retainer,87629,Prospecting,2025-07-29,2025-04-06,Organic Search,CMP000017,8762.9,ACC000199,OPP000748
Nimbus Software - CRM Cleanup,13494,Closed Lost,2025-03-24,2025-01-10,Event,CMP000017,0.0,ACC000259,OPP001194
Signal Health - RevOps Retainer,334072,Demo,2026-03-31,2025-12-06,Outbound,CMP000016,133628.8,ACC000248,OPP001099
Ironwood Platform - Lead Routing,5298,Demo,2025-09-19,2025-07-14,Webinar,CMP000014,2119.2,ACC000513,OPP000449
Bright Works - CRM Cleanup,19611,Demo,2026-05-04,2026-04-01,LinkedIn,CMP000029,7844.4,ACC000156,OPP000892
Clearpath Networks - HubSpot-SFDC Integration,5000,Closed Lost,2026-02-06,2025-12-06,Paid Search,CMP000004,0.0,ACC000069,OPP001111
Bright Markets - RevOps Retainer,48029,Prospecting,2025-06-20,2025-05-01,Outbound,CMP000030,4802.9,ACC000487,OPP000280
Catalyst Intelligence - HubSpot-SFDC Integration,62948,Closed Lost,2025-12-12,2025-07-18,Organic Search,CMP000028,0.0,ACC000464,OPP000191
Cobalt Dynamics - Reporting Build,291421,Closed Won,2025-07-21,2025-03-26,Paid Search,CMP000002,291421.0,ACC000606,OPP000079
Apex Ops 16 - Lifecycle Redesign,28669,Demo,2025-07-09,2025-04-24,Partner,,11467.6,ACC000483,OPP000020
Evergreen Systems - HubSpot-SFDC Integration,423015,Prospecting,2026-01-08,2025-08-07,LinkedIn,CMP000031,42301.5,ACC000025,OPP000746
BluePeak Solutions - RevOps Retainer,57360,Discovery,2025-05-02,2025-01-20,Content Download,CMP000005,14340.0,ACC000339,OPP000557
Vertex Health - RevOps Retainer,105320,Demo,2026-05-30,2026-02-05,Outbound,CMP000036,42128.0,ACC000290,OPP000091
Vertex Systems 29 - Lifecycle Redesign,139980,Demo,2025-11-14,2025-08-10,Event,CMP000022,55992.0,ACC000337,OPP000059
Bright Health - RevOps Retainer,11257,Prospecting,2025-12-19,2025-11-14,Paid Search,CMP000027,1125.7,ACC000021,OPP001447
Clearpath Markets 43 - Lifecycle Redesign,18738,Closed Won,2025-12-07,2025-11-22,Event,CMP000029,18738.0,ACC000397,OPP000488
Ironwood Labs - RevOps Retainer,10813,Proposal,2026-08-12,2026-05-29,Paid Search,CMP000034,6487.8,ACC000135,OPP001389
Cobalt Health - Reporting Build,41335,Proposal,2025-12-21,2025-10-19,Organic Search,CMP000029,24801.0,ACC000317,OPP000262
Atlas Software 68 - Lead Routing,50687,Closed Lost,2025-09-01,2025-06-19,Event,CMP000009,0.0,ACC000411,OPP000777
Pioneer Ops 94 - Lifecycle Redesign,417327,Demo,2026-07-23,2026-02-13,Referral,CMP000025,166930.8,ACC000176,OPP001270
Ironwood Ops - RevOps Retainer,75953,Closed Lost,2025-10-02,2025-09-11,Partner,CMP000029,0.0,ACC000253,OPP000680
BluePeak Intelligence - Lifecycle Redesign,448573,Negotiation,2026-02-28,2025-11-08,Webinar,CMP000027,336429.75,ACC000423,OPP001072
Pioneer Ops 94 - RevOps Retainer,249914,Demo,2026-01-08,2025-09-21,Paid Search,CMP000030,99965.6,ACC000176,OPP000350
Catalyst Works 16 - HubSpot-SFDC Integration,181046,Demo,2026-04-04,2025-12-08,LinkedIn,CMP000018,72418.4,ACC000382,OPP000630
BluePeak Cloud 17 - RevOps Retainer,28485,Negotiation,2025-11-26,2025-09-24,Direct,CMP000002,21363.75,ACC000480,OPP000504
Clearpath Intelligence - Reporting Build,171157,Discovery,2026-04-03,2025-12-23,Organic Search,CMP000031,42789.25,ACC000050,OPP001427
Summit Platform - HubSpot-SFDC Integration,93577,Negotiation,2025-10-28,2025-10-06,Paid Search,CMP000020,70182.75,ACC000049,OPP000955
Apex Platform 59 - CRM Cleanup,22736,Proposal,2025-04-12,2025-02-15,Partner,CMP000018,13641.6,ACC000442,OPP001634
Nova Intelligence 92 - RevOps Retainer,114485,Demo,2025-11-16,2025-06-03,Content Download,CMP000019,45794.0,ACC000249,OPP000682
Catalyst Ops 73 - Reporting Build,125157,Closed Won,2026-01-17,2025-11-01,Paid Search,CMP000027,125157.0,ACC000179,OPP001199
Apex Group - Lifecycle Redesign,133892,Closed Lost,2026-09-04,2026-04-28,Content Download,CMP000022,0.0,ACC000375,OPP001123
Pioneer Platform 96 - HubSpot-SFDC Integration,148081,Demo,2026-03-11,2025-10-13,Event,,59232.4,ACC000616,OPP001482
Bright Labs 72 - CRM Cleanup,39497,Prospecting,2026-08-24,2026-06-03,Partner,CMP000022,3949.7,ACC000101,OPP001556
Keystone Solutions - RevOps Retainer,31848,Prospecting,2025-03-02,2025-01-14,Organic Search,CMP000034,3184.8,ACC000041,OPP000583
BluePeak Markets 96 - Lead Routing,51701,Closed Won,2026-03-06,2025-12-23,Partner,CMP000020,51701.0,ACC000282,OPP000392
Pioneer Labs 30 - Reporting Build,41548,Discovery,2026-02-16,2025-10-19,Webinar,CMP000001,10387.0,ACC000543,OPP000882
Meridian Works - RevOps Retainer,73685,Closed Lost,2025-09-19,2025-04-08,Direct,CMP000034,0.0,ACC000207,OPP001539
BluePeak Data 9 - Reporting Build,50553,Closed Lost,2026-06-23,2026-04-11,LinkedIn,CMP000024,0.0,ACC000308,OPP001077
Ironwood Software - Reporting Build,72554,Discovery,2026-05-08,2025-12-03,Referral,CMP000002,18138.5,ACC000092,OPP000454
Evergreen Ops 74 - RevOps Retainer,19361,Proposal,2026-03-09,2026-01-24,Event,,11616.6,ACC000614,OPP000627
Catalyst Ops 73 - Lifecycle Redesign,23202,Closed Lost,2026-08-04,2026-04-29,Outbound,CMP000029,0.0,ACC000179,OPP000055
Northstar Health - Lifecycle Redesign,192476,Demo,2025-07-10,2025-02-12,Webinar,CMP000009,76990.4,ACC000532,OPP001535
Ironwood Systems 13 - CRM Cleanup,24615,Closed Lost,2026-01-30,2025-12-15,LinkedIn,CMP000023,0.0,ACC000268,OPP000513
Atlas Dynamics - CRM Cleanup,12817,Closed Lost,2025-07-28,2025-05-27,Referral,CMP000029,0.0,ACC000136,OPP000916
Northstar Health - Lead Routing,296383,Closed Won,2026-07-24,2026-03-13,Outbound,CMP000015,296383.0,ACC000532,OPP000931
Nova Markets 92 - HubSpot-SFDC Integration,69826,Closed Won,2026-07-13,2026-03-12,LinkedIn,CMP000030,69826.0,ACC000469,OPP000314
Vertex Dynamics 65 - Lifecycle Redesign,49416,Demo,2026-01-19,2025-10-28,Organic Search,,19766.4,ACC000251,OPP001613
Catalyst Ops - Lead Routing,136372,Closed Won,2026-05-23,2026-01-29,Direct,CMP000016,136372.0,ACC000433,OPP000326
Apex Data - Lead Routing,83749,Proposal,2026-08-12,2026-05-01,Partner,CMP000026,50249.4,ACC000511,OPP000501
Summit Platform - RevOps Retainer,62034,Closed Lost,2025-03-31,2025-01-23,LinkedIn,CMP000036,0.0,ACC000049,OPP000953
BluePeak Dynamics 93 - RevOps Retainer,29771,Closed Won,2025-06-22,2025-05-18,Direct,,29771.0,ACC000226,OPP000689
Meridian Group - Reporting Build,36133,Negotiation,2025-08-19,2025-06-29,Organic Search,CMP000016,27099.75,ACC000091,OPP001382
Nimbus Platform 85 - HubSpot-SFDC Integration,26412,Discovery,2025-12-29,2025-10-02,Outbound,CMP000010,6603.0,ACC000485,OPP000734
Keystone Ops - CRM Cleanup,277556,Proposal,2026-05-08,2025-12-30,Content Download,CMP000033,166533.6,ACC000609,OPP000319
Atlas Platform - CRM Cleanup,45745,Closed Lost,2026-06-06,2026-03-27,Partner,,0.0,ACC000060,OPP000300
Meridian Labs 60 - Lead Routing,114681,Prospecting,2026-01-24,2025-10-27,Referral,CMP000006,11468.1,ACC000118,OPP001107
Nimbus Health 75 - CRM Cleanup,63589,Discovery,2025-10-27,2025-08-28,Content Download,CMP000008,15897.25,ACC000424,OPP000866
Evergreen Data 84 - Lifecycle Redesign,6056,Discovery,2026-02-22,2025-12-20,Content Download,CMP000017,1514.0,ACC000582,OPP000264
Signal Group - Lifecycle Redesign,650000,Proposal,2025-06-29,2025-01-20,Event,CMP000018,390000.0,ACC000033,OPP001242
Northstar Dynamics 19 - HubSpot-SFDC Integration,350643,Closed Lost,2026-03-27,2025-11-26,Referral,CMP000012,0.0,ACC000578,OPP001510
Bright Analytics - HubSpot-SFDC Integration,12391,Demo,2026-09-07,2026-05-28,Webinar,,4956.4,ACC000032,OPP000426
Bright Analytics 25 - RevOps Retainer,59148,Demo,2025-03-23,2025-02-23,Outbound,CMP000012,23659.2,ACC000030,OPP000675
Summit Networks 26 - Lead Routing,47935,Closed Lost,2026-01-17,2025-10-29,Content Download,CMP000001,0.0,ACC000098,OPP000950
Meridian Intelligence - CRM Cleanup,20313,Proposal,2026-02-06,2025-11-09,Direct,,12187.8,ACC000220,OPP000562
Catalyst Health 65 - Reporting Build,270701,Closed Won,2025-09-24,2025-05-04,Partner,CMP000030,270701.0,ACC000463,OPP000121
Clearpath Health 19 - Lifecycle Redesign,52951,Demo,2025-07-15,2025-03-30,Event,CMP000003,21180.4,ACC000359,OPP000060
Meridian Labs 79 - HubSpot-SFDC Integration,20436,Demo,2026-07-20,2026-04-15,Direct,CMP000028,8174.4,ACC000244,OPP000886
Northstar Markets 77 - Lifecycle Redesign,173140,Demo,2025-06-29,2025-02-21,Direct,CMP000012,69256.0,ACC000494,OPP000284
Northstar Solutions - RevOps Retainer,23217,Prospecting,2025-05-25,2025-03-29,Webinar,CMP000023,2321.7,ACC000150,OPP001558
Apex Works 61 - Lead Routing,127820,Proposal,2025-12-01,2025-09-10,Event,CMP000016,76692.0,ACC000314,OPP000597
Bright Health 59 - HubSpot-SFDC Integration,97600,Discovery,2026-04-12,2025-12-09,Outbound,CMP000024,24400.0,ACC000548,OPP001640
Apex Works 61 - CRM Cleanup,80725,Demo,2026-02-25,2025-11-22,Paid Search,CMP000020,32290.0,ACC000314,OPP001076
Summit Cloud - Lead Routing,56262,Prospecting,2026-10-24,2026-05-28,Referral,CMP000016,5626.2,ACC000273,OPP000094
Signal Networks - Lead Routing,136060,Discovery,2026-10-19,2026-05-21,Direct,CMP000012,34015.0,ACC000298,OPP000268
Pioneer Ops 94 - Lead Routing,41977,Prospecting,2026-07-04,2026-01-25,Partner,CMP000033,4197.7,ACC000176,OPP000160
Catalyst Intelligence 41 - HubSpot-SFDC Integration,25381,Proposal,2025-12-18,2025-09-03,Event,CMP000017,15228.6,ACC000515,OPP000622
Atlas Data 82 - Lifecycle Redesign,55396,Prospecting,2026-09-01,2026-06-02,Organic Search,CMP000018,5539.6,ACC000649,OPP000194
Clearpath Data 6 - Reporting Build,41389,Closed Lost,2026-07-02,2026-03-11,Webinar,CMP000031,0.0,ACC000201,OPP001635
Evergreen Markets 75 - HubSpot-SFDC Integration,175606,Negotiation,2025-12-28,2025-08-06,Partner,CMP000011,131704.5,ACC000479,OPP001141
Bright Markets 38 - HubSpot-SFDC Integration,149118,Closed Lost,2026-06-08,2026-01-19,Organic Search,CMP000015,0.0,ACC000146,OPP001423
Signal Markets 44 - CRM Cleanup,132454,Demo,2026-01-04,2025-10-02,Direct,CMP000017,52981.6,ACC000526,OPP000979
Clearpath Systems - HubSpot-SFDC Integration,102981,Discovery,2026-03-14,2026-01-23,Content Download,CMP000013,25745.25,ACC000223,OPP000905
Keystone Solutions - Lifecycle Redesign,11171,Demo,2025-10-13,2025-09-22,Referral,CMP000003,4468.4,ACC000041,OPP000002
Northstar Cloud - CRM Cleanup,75141,Closed Won,2026-09-12,2026-04-27,Direct,CMP000002,75141.0,ACC000181,OPP001353
Cobalt Dynamics 35 - CRM Cleanup,187387,Proposal,2025-08-17,2025-04-28,Paid Search,CMP000034,112432.2,ACC000110,OPP000008
Cobalt Cloud 98 - HubSpot-SFDC Integration,89517,Discovery,2026-02-11,2025-08-21,Paid Search,CMP000014,22379.25,ACC000151,OPP001437
Atlas Labs 13 - Reporting Build,53295,Discovery,2025-05-01,2025-01-29,LinkedIn,CMP000025,13323.75,ACC000293,OPP000465
Evergreen Markets 75 - Reporting Build,83879,Proposal,2026-01-20,2025-07-29,Event,CMP000004,50327.4,ACC000479,OPP000186
Catalyst Works 16 - CRM Cleanup,294724,Discovery,2025-07-29,2025-03-18,Webinar,,73681.0,ACC000382,OPP001351
Northstar Solutions 73 - HubSpot-SFDC Integration,38701,Closed Lost,2025-02-19,2025-01-04,Referral,CMP000024,0.0,ACC000574,OPP001184
Meridian Labs - HubSpot-SFDC Integration,14764,Proposal,2025-03-12,2025-01-09,Direct,CMP000009,8858.4,ACC000275,OPP000331
Northstar Cloud - Lead Routing,83528,Discovery,2026-07-20,2026-03-01,Paid Search,CMP000028,20882.0,ACC000181,OPP000964
Ironwood Analytics - RevOps Retainer,150322,Discovery,2025-09-08,2025-04-04,Outbound,CMP000031,37580.5,ACC000011,OPP001551
Apex Networks - RevOps Retainer,121519,Discovery,2026-05-08,2026-02-10,Outbound,CMP000036,30379.75,ACC000246,OPP000051
Northstar Software 45 - HubSpot-SFDC Integration,100565,Prospecting,2025-07-25,2025-06-05,Webinar,CMP000035,10056.5,ACC000210,OPP001079
Cobalt Cloud 98 - Lead Routing,276919,Discovery,2025-09-23,2025-05-26,Event,CMP000015,69229.75,ACC000151,OPP001408
Nova Analytics - Reporting Build,200104,Demo,2026-10-25,2026-06-08,Paid Search,CMP000028,80041.6,ACC000063,OPP000309
Clearpath Health 91 - CRM Cleanup,5000,Closed Lost,2026-04-25,2026-02-18,Partner,CMP000025,0.0,ACC000637,OPP000276
Clearpath Networks 80 - CRM Cleanup,10936,Demo,2026-04-23,2026-02-01,Partner,CMP000029,4374.4,ACC000534,OPP001247
Cobalt Labs 56 - CRM Cleanup,60300,Prospecting,2025-08-15,2025-05-31,Content Download,CMP000001,6030.0,ACC000310,OPP001109
Catalyst Data 39 - Lifecycle Redesign,82195,Closed Won,2025-07-15,2025-01-22,Content Download,CMP000005,82195.0,ACC000528,OPP000832
Nova Ops 75 - Lifecycle Redesign,19183,Demo,2026-08-09,2026-05-29,Organic Search,CMP000021,7673.2,ACC000192,OPP001486
Bright Labs - Lifecycle Redesign,42703,Discovery,2025-11-19,2025-08-05,Event,CMP000030,10675.75,ACC000029,OPP001185
Catalyst Dynamics 95 - Lifecycle Redesign,267798,Discovery,2025-10-31,2025-07-11,Paid Search,CMP000008,66949.5,ACC000518,OPP001596
Signal Works 47 - Reporting Build,80344,Prospecting,2026-03-01,2025-12-22,Outbound,CMP000008,8034.4,ACC000235,OPP000173
Atlas Systems 51 - Lead Routing,43849,Discovery,2025-07-24,2025-02-27,Direct,CMP000004,10962.25,ACC000495,OPP001606
Meridian Works - Lifecycle Redesign,181057,Discovery,2026-08-31,2026-04-06,Organic Search,CMP000002,45264.25,ACC000207,OPP000345
Signal Group 54 - Lead Routing,35091,Discovery,2025-04-09,2025-01-31,Direct,CMP000035,8772.75,ACC000613,OPP001221
Cobalt Labs 91 - RevOps Retainer,85519,Closed Lost,2025-11-14,2025-08-12,Event,CMP000031,0.0,ACC000576,OPP000292
Summit Data 97 - Reporting Build,37586,Closed Won,2026-07-06,2026-05-10,Referral,CMP000019,37586.0,ACC000646,OPP000266
Nova Data - RevOps Retainer,58278,Closed Lost,2025-08-23,2025-06-05,Referral,CMP000024,0.0,ACC000307,OPP000645
BluePeak Cloud 83 - RevOps Retainer,14386,Negotiation,2026-05-03,2026-02-23,Organic Search,,10789.5,ACC000435,OPP000696
Evergreen Group 71 - Lead Routing,11802,Prospecting,2026-02-21,2026-01-25,Partner,CMP000014,1180.2,ACC000284,OPP001026
Cobalt Markets 86 - RevOps Retainer,10775,Negotiation,2025-04-11,2025-02-26,Direct,CMP000030,8081.25,ACC000608,OPP001070
Bright Dynamics 68 - CRM Cleanup,24906,Proposal,2026-03-01,2026-01-12,Referral,CMP000018,14943.6,ACC000434,OPP000782
Summit Networks 26 - HubSpot-SFDC Integration,104967,Closed Won,2026-08-11,2026-05-10,Paid Search,CMP000024,104967.0,ACC000098,OPP000218
Evergreen Ops 30 - CRM Cleanup,181155,Demo,2026-08-06,2026-05-05,Webinar,CMP000026,72462.0,ACC000426,OPP000641
Atlas Data 82 - Lifecycle Redesign,32192,Prospecting,2025-07-16,2025-04-06,Event,CMP000013,3219.2,ACC000649,OPP000061
Nimbus Platform 85 - HubSpot-SFDC Integration,33847,Closed Lost,2025-05-10,2025-02-28,Partner,CMP000027,0.0,ACC000485,OPP001422
Nimbus Markets - Lead Routing,61778,Closed Lost,2026-01-24,2025-08-16,Referral,CMP000024,0.0,ACC000040,OPP000729
Catalyst Ops - RevOps Retainer,215973,Negotiation,2026-02-17,2025-10-03,Partner,CMP000008,161979.75,ACC000433,OPP001630
Nova Platform - HubSpot-SFDC Integration,29286,Demo,2025-08-15,2025-05-29,LinkedIn,CMP000028,11714.4,ACC000076,OPP000088
Apex Networks 54 - HubSpot-SFDC Integration,176996,Proposal,2026-01-14,2025-09-09,LinkedIn,CMP000034,106197.6,ACC000292,OPP000202
Atlas Data 82 - Lead Routing,130773,Negotiation,2025-09-21,2025-06-01,Event,CMP000026,98079.75,ACC000649,OPP000555
Atlas Markets 54 - Lead Routing,29995,Discovery,2026-01-06,2025-11-04,LinkedIn,CMP000007,7498.75,ACC000448,OPP001571
Nimbus Labs 15 - RevOps Retainer,15737,Closed Lost,2026-07-18,2026-03-28,Content Download,CMP000003,0.0,ACC000053,OPP000605
Northstar Health - Reporting Build,117241,Discovery,2026-07-20,2026-03-05,Organic Search,CMP000018,29310.25,ACC000532,OPP000215
Catalyst Health 65 - RevOps Retainer,133674,Discovery,2025-12-28,2025-08-08,LinkedIn,CMP000032,33418.5,ACC000463,OPP000395
Northstar Data 7 - RevOps Retainer,10344,Negotiation,2025-08-20,2025-05-31,Referral,CMP000022,7758.0,ACC000476,OPP000566
Vertex Dynamics 65 - Lifecycle Redesign,116042,Demo,2026-04-16,2025-12-10,LinkedIn,CMP000030,46416.8,ACC000251,OPP001159
Summit Markets 88 - RevOps Retainer,66655,Prospecting,2025-11-17,2025-09-18,LinkedIn,CMP000020,6665.5,ACC000601,OPP000750
Meridian Works - RevOps Retainer,181758,Prospecting,2025-06-19,2025-03-18,Direct,CMP000032,18175.8,ACC000207,OPP000188
Ironwood Data - HubSpot-SFDC Integration,29373,Prospecting,2025-10-13,2025-07-21,Webinar,CMP000021,2937.3,ACC000089,OPP001288
Catalyst Dynamics 95 - Lifecycle Redesign,52216,Closed Lost,2025-10-30,2025-08-16,Referral,CMP000033,0.0,ACC000518,OPP000850
Signal Ops - HubSpot-SFDC Integration,30018,Prospecting,2026-08-07,2026-06-09,Partner,,3001.8,ACC000059,OPP001338
Signal Group - Reporting Build,262797,Demo,2026-04-28,2025-12-23,Paid Search,CMP000013,105118.8,ACC000033,OPP001629
Ironwood Health 54 - Reporting Build,59981,Discovery,2026-03-05,2025-09-12,Organic Search,CMP000002,14995.25,ACC000535,OPP000257
Atlas Cloud - RevOps Retainer,44988,Demo,2026-10-12,2026-05-14,Event,CMP000023,17995.2,ACC000324,OPP001620
Clearpath Health 91 - CRM Cleanup,12377,Demo,2025-08-29,2025-07-23,Direct,CMP000024,4950.8,ACC000637,OPP000370
Clearpath Systems - HubSpot-SFDC Integration,12879,Negotiation,2026-07-28,2026-03-23,Outbound,CMP000016,9659.25,ACC000223,OPP001218
Northstar Works 5 - HubSpot-SFDC Integration,54399,Prospecting,2025-11-24,2025-08-15,Referral,CMP000030,5439.9,ACC000137,OPP000901
Keystone Software 93 - Reporting Build,42411,Prospecting,2026-05-05,2026-03-27,Event,CMP000015,4241.1,ACC000065,OPP001006
Signal Solutions - RevOps Retainer,14492,Demo,2025-09-18,2025-07-09,Webinar,CMP000024,5796.8,ACC000055,OPP000772
Keystone Networks 89 - Lifecycle Redesign,105940,Closed Lost,2026-06-22,2026-05-08,Webinar,CMP000021,0.0,ACC000350,OPP000378
Meridian Platform 77 - Reporting Build,33598,Closed Won,2025-07-19,2025-04-27,LinkedIn,CMP000030,33598.0,ACC000623,OPP001498
Meridian Platform 48 - RevOps Retainer,11622,Closed Won,2026-04-26,2026-03-28,Outbound,CMP000010,11622.0,ACC000597,OPP000176
Catalyst Markets - Lifecycle Redesign,650000,Proposal,2026-10-14,2026-05-20,Outbound,CMP000009,390000.0,ACC000504,OPP001405
Nova Group - RevOps Retainer,35395,Discovery,2025-05-29,2025-04-22,Outbound,CMP000002,8848.75,ACC000057,OPP001243
Bright Systems 91 - HubSpot-SFDC Integration,51498,Discovery,2026-01-21,2025-10-15,Paid Search,CMP000026,12874.5,ACC000343,OPP000755
Signal Data 41 - Lifecycle Redesign,95049,Discovery,2025-06-21,2025-01-20,Direct,CMP000034,23762.25,ACC000439,OPP000741
Atlas Networks - CRM Cleanup,59213,Demo,2025-06-17,2025-04-12,Webinar,CMP000026,23685.2,ACC000250,OPP001524
Summit Works 32 - RevOps Retainer,51889,Discovery,2025-09-20,2025-09-05,Event,CMP000027,12972.25,ACC000224,OPP000241
Pioneer Platform 96 - RevOps Retainer,210326,Discovery,2026-03-17,2025-10-16,Event,,52581.5,ACC000616,OPP001371
Meridian Labs 60 - CRM Cleanup,295497,Proposal,2026-09-18,2026-06-07,Referral,CMP000002,177298.2,ACC000118,OPP000290
Apex Dynamics - Reporting Build,55003,Proposal,2026-09-30,2026-04-24,Event,CMP000036,33001.8,ACC000387,OPP000221
Apex Dynamics 7 - Lead Routing,7512,Demo,2025-04-26,2025-03-17,Outbound,CMP000025,3004.8,ACC000425,OPP000034
Clearpath Intelligence 13 - HubSpot-SFDC Integration,59699,Proposal,2026-05-11,2026-02-25,Partner,CMP000015,35819.4,ACC000326,OPP000113
Keystone Systems 68 - RevOps Retainer,37778,Demo,2026-04-26,2026-03-14,Content Download,CMP000016,15111.2,ACC000555,OPP000483
Nimbus Data - RevOps Retainer,132428,Discovery,2025-12-19,2025-08-03,Outbound,CMP000032,33107.0,ACC000141,OPP001086
Catalyst Systems - RevOps Retainer,31778,Closed Lost,2025-12-10,2025-10-08,Content Download,CMP000035,0.0,ACC000221,OPP001275
Nimbus Ops 79 - HubSpot-SFDC Integration,35620,Proposal,2026-07-30,2026-06-07,Event,CMP000033,21372.0,ACC000489,OPP000344
BluePeak Software 47 - HubSpot-SFDC Integration,24606,Closed Lost,2025-07-04,2025-04-06,Direct,CMP000019,0.0,ACC000525,OPP000027
Cobalt Solutions - CRM Cleanup,27877,Closed Won,2026-05-10,2026-02-14,Organic Search,CMP000021,27877.0,ACC000090,OPP001451
Cobalt Analytics 22 - CRM Cleanup,214134,Discovery,2026-02-06,2025-09-08,Partner,CMP000035,53533.5,ACC000650,OPP000224
Apex Solutions 9 - Reporting Build,48602,Prospecting,2026-04-01,2026-01-09,LinkedIn,CMP000034,4860.2,ACC000452,OPP000324
Keystone Platform 69 - Reporting Build,30864,Proposal,2026-05-05,2026-04-09,Partner,CMP000023,18518.4,ACC000194,OPP000383
Summit Dynamics - Lead Routing,267355,Negotiation,2026-03-21,2025-11-21,Direct,CMP000017,200516.25,ACC000022,OPP000758
Clearpath Labs - Lead Routing,5000,Proposal,2026-05-22,2026-01-30,Referral,CMP000025,3000.0,ACC000243,OPP001047
Cobalt Software 99 - Lifecycle Redesign,128359,Closed Lost,2026-08-25,2026-05-01,Content Download,CMP000030,0.0,ACC000327,OPP000066
BluePeak Health - Reporting Build,14948,Prospecting,2025-04-09,2025-02-21,Organic Search,CMP000030,1494.8,ACC000007,OPP001112
Nova Cloud 74 - Lead Routing,54209,Demo,2026-05-08,2026-03-18,LinkedIn,CMP000020,21683.6,ACC000399,OPP000102
Northstar Works - Reporting Build,13961,Demo,2026-07-27,2026-05-19,Paid Search,CMP000010,5584.4,ACC000440,OPP000146
Atlas Health - Reporting Build,53005,Negotiation,2025-09-28,2025-08-15,Webinar,CMP000028,39753.75,ACC000086,OPP001256
Nova Networks 81 - Lifecycle Redesign,115625,Closed Won,2026-10-19,2026-05-09,Webinar,CMP000017,115625.0,ACC000193,OPP000596
Clearpath Networks 24 - RevOps Retainer,18444,Closed Won,2026-03-22,2025-12-14,Direct,CMP000024,18444.0,ACC000593,OPP001294
Vertex Labs - Lifecycle Redesign,40537,Prospecting,2026-09-19,2026-05-13,Outbound,CMP000004,4053.7,ACC000557,OPP000044
Clearpath Group 57 - HubSpot-SFDC Integration,87031,Closed Lost,2026-02-26,2025-09-06,Referral,CMP000009,0.0,ACC000360,OPP000185
Catalyst Markets - HubSpot-SFDC Integration,81184,Prospecting,2026-02-25,2025-11-16,Outbound,CMP000029,8118.4,ACC000504,OPP000883
Apex Works 74 - Reporting Build,63936,Closed Won,2025-06-15,2025-03-04,LinkedIn,CMP000011,63936.0,ACC000295,OPP000533
Cobalt Platform 66 - Lead Routing,266019,Demo,2026-08-20,2026-02-04,Referral,CMP000034,106407.6,ACC000272,OPP001323
Atlas Markets 26 - RevOps Retainer,76847,Negotiation,2025-11-14,2025-08-20,Partner,CMP000036,57635.25,ACC000215,OPP000137
Signal Analytics - Reporting Build,95709,Prospecting,2025-12-17,2025-10-02,Organic Search,CMP000027,9570.9,ACC000085,OPP000665
BluePeak Health 97 - HubSpot-SFDC Integration,17251,Closed Won,2025-01-31,2025-01-05,Referral,CMP000036,17251.0,ACC000166,OPP001196
Evergreen Networks 48 - Reporting Build,113959,Demo,2025-06-10,2025-03-18,Partner,CMP000028,45583.6,ACC000379,OPP000771
Bright Ops 12 - HubSpot-SFDC Integration,229397,Closed Lost,2025-06-27,2025-01-16,LinkedIn,CMP000026,0.0,ACC000481,OPP001507
Atlas Cloud 74 - HubSpot-SFDC Integration,51110,Proposal,2025-07-11,2025-03-24,Paid Search,CMP000013,30666.0,ACC000585,OPP001273
Nova Data - HubSpot-SFDC Integration,55950,Prospecting,2026-04-09,2026-02-11,Content Download,CMP000018,5595.0,ACC000307,OPP000515
Ironwood Networks - Lifecycle Redesign,20419,Closed Won,2025-05-26,2025-03-22,Partner,CMP000004,20419.0,ACC000012,OPP001538
Evergreen Systems - CRM Cleanup,157480,Closed Won,2026-03-15,2025-12-04,Organic Search,CMP000009,157480.0,ACC000025,OPP000619
Atlas Cloud - RevOps Retainer,109072,Prospecting,2025-05-16,2025-01-22,Referral,CMP000016,10907.2,ACC000324,OPP000105
Atlas Markets - Lifecycle Redesign,62093,Closed Won,2025-09-20,2025-08-09,Paid Search,CMP000030,62093.0,ACC000362,OPP000042
Clearpath Intelligence - RevOps Retainer,49624,Negotiation,2026-06-19,2026-05-03,Event,CMP000014,37218.0,ACC000050,OPP000844
Ironwood Health 54 - Lead Routing,40694,Proposal,2025-09-10,2025-06-02,Content Download,CMP000016,24416.4,ACC000535,OPP001518
Evergreen Analytics 41 - Lifecycle Redesign,57981,Demo,2026-07-05,2026-01-03,Paid Search,CMP000002,23192.4,ACC000580,OPP001512
Cobalt Systems - CRM Cleanup,106185,Closed Lost,2026-07-06,2026-04-27,LinkedIn,CMP000025,0.0,ACC000413,OPP000227
Summit Markets 10 - Lead Routing,229979,Discovery,2026-03-26,2025-12-05,Organic Search,CMP000029,57494.75,ACC000500,OPP000282
Cobalt Dynamics 35 - HubSpot-SFDC Integration,303528,Prospecting,2026-09-26,2026-05-17,Content Download,CMP000026,30352.8,ACC000110,OPP000895
BluePeak Software 47 - Lead Routing,5000,Closed Lost,2025-05-22,2025-04-29,Paid Search,CMP000030,0.0,ACC000525,OPP000747
Nimbus Markets 25 - Lifecycle Redesign,163233,Prospecting,2026-05-30,2026-01-31,Paid Search,CMP000004,16323.3,ACC000635,OPP001299
Signal Solutions 98 - Lifecycle Redesign,12172,Discovery,2025-05-28,2025-01-30,Outbound,CMP000036,3043.0,ACC000556,OPP001569
Cobalt Data - Reporting Build,13749,Discovery,2025-05-28,2025-04-05,Paid Search,CMP000004,3437.25,ACC000024,OPP000295
Northstar Markets - CRM Cleanup,72548,Negotiation,2026-06-24,2026-03-19,LinkedIn,CMP000007,54411.0,ACC000237,OPP000564
Keystone Software 93 - CRM Cleanup,81683,Closed Won,2025-12-30,2025-08-09,Organic Search,CMP000005,81683.0,ACC000065,OPP000677
Clearpath Intelligence 13 - HubSpot-SFDC Integration,43162,Demo,2026-07-25,2026-03-03,Outbound,CMP000030,17264.8,ACC000326,OPP000634
Cobalt Platform 66 - HubSpot-SFDC Integration,127941,Discovery,2025-07-24,2025-02-23,Referral,CMP000012,31985.25,ACC000272,OPP001552
Evergreen Networks 48 - Lead Routing,33326,Demo,2025-04-21,2025-02-14,Direct,CMP000003,13330.4,ACC000379,OPP000532
Bright Systems 91 - Reporting Build,46937,Closed Lost,2026-05-06,2026-02-26,Paid Search,CMP000029,0.0,ACC000343,OPP001505
Vertex Labs 77 - CRM Cleanup,15634,Closed Lost,2026-05-21,2026-03-13,Webinar,CMP000011,0.0,ACC000175,OPP000340
Northstar Data - Reporting Build,42011,Negotiation,2025-09-04,2025-03-30,Content Download,CMP000027,31508.25,ACC000006,OPP000707
Keystone Cloud - HubSpot-SFDC Integration,98657,Closed Lost,2025-08-17,2025-04-23,Referral,CMP000024,0.0,ACC000325,OPP000128
Catalyst Intelligence 52 - Lead Routing,94138,Proposal,2025-08-25,2025-04-21,Referral,CMP000020,56482.8,ACC000441,OPP000642
Atlas Systems - RevOps Retainer,141958,Closed Lost,2025-08-14,2025-07-10,Webinar,CMP000031,0.0,ACC000037,OPP001585
Signal Cloud 71 - CRM Cleanup,42029,Discovery,2025-11-21,2025-08-09,Referral,CMP000020,10507.25,ACC000149,OPP000928
Vertex Networks 66 - Reporting Build,74450,Negotiation,2025-08-16,2025-06-11,Webinar,,55837.5,ACC000553,OPP001239
Summit Systems - Lifecycle Redesign,39158,Demo,2026-02-15,2026-01-19,Content Download,CMP000004,15663.2,ACC000084,OPP001604
Cobalt Works - HubSpot-SFDC Integration,86497,Discovery,2026-03-27,2025-12-25,Content Download,CMP000001,21624.25,ACC000095,OPP001317
Evergreen Intelligence - Lifecycle Redesign,153707,Closed Lost,2025-05-19,2025-01-17,Event,CMP000020,0.0,ACC000274,OPP000529
Nova Intelligence 92 - HubSpot-SFDC Integration,116939,Prospecting,2026-06-26,2026-03-24,Direct,CMP000025,11693.9,ACC000249,OPP000475
Catalyst Labs 53 - RevOps Retainer,53979,Demo,2026-07-28,2026-04-29,LinkedIn,CMP000023,21591.6,ACC000428,OPP000887
Nimbus Markets - CRM Cleanup,224303,Prospecting,2026-01-03,2025-09-22,Outbound,CMP000001,22430.3,ACC000040,OPP000889
Cobalt Dynamics - Reporting Build,79550,Closed Lost,2025-07-10,2025-02-22,Partner,CMP000015,0.0,ACC000606,OPP001151
Summit Platform 29 - Lifecycle Redesign,31184,Closed Lost,2026-01-08,2025-09-01,Outbound,,0.0,ACC000547,OPP000614
Meridian Intelligence - Reporting Build,8459,Prospecting,2025-04-25,2025-03-02,Webinar,CMP000006,845.9,ACC000220,OPP001075
Nimbus Data 29 - Lead Routing,108872,Prospecting,2026-08-08,2026-05-13,Partner,CMP000034,10887.2,ACC000247,OPP000281
Vertex Data 36 - HubSpot-SFDC Integration,37330,Closed Lost,2026-05-21,2026-03-26,Organic Search,CMP000025,0.0,ACC000296,OPP000033
Ironwood Software - HubSpot-SFDC Integration,298364,Negotiation,2026-05-23,2026-01-07,Outbound,CMP000032,223773.0,ACC000092,OPP001019
Pioneer Solutions - Reporting Build,125821,Closed Lost,2025-12-02,2025-08-18,Referral,CMP000007,0.0,ACC000353,OPP000526
Northstar Networks 48 - HubSpot-SFDC Integration,384575,Proposal,2026-02-09,2025-11-11,Direct,CMP000031,230745.0,ACC000600,OPP000775
Cobalt Works - Lifecycle Redesign,28269,Demo,2025-06-18,2025-03-23,Direct,CMP000002,11307.6,ACC000095,OPP001031
Apex Networks - Reporting Build,194401,Closed Lost,2026-07-26,2026-04-23,Webinar,CMP000034,0.0,ACC000246,OPP000779
Pioneer Ops 94 - HubSpot-SFDC Integration,137223,Negotiation,2026-09-30,2026-05-23,Webinar,CMP000030,102917.25,ACC000176,OPP000406
Vertex Health 3 - RevOps Retainer,26738,Prospecting,2025-05-04,2025-02-15,Outbound,CMP000032,2673.8,ACC000443,OPP001424
Keystone Software - Reporting Build,81119,Closed Won,2025-11-08,2025-08-06,Paid Search,CMP000024,81119.0,ACC000401,OPP001364
Atlas Platform 18 - HubSpot-SFDC Integration,121262,Closed Lost,2025-12-14,2025-10-07,Direct,CMP000030,0.0,ACC000208,OPP000384
Evergreen Group 93 - Lifecycle Redesign,332980,Discovery,2026-05-25,2025-12-09,Webinar,CMP000024,83245.0,ACC000552,OPP001132
Catalyst Solutions 70 - Reporting Build,60892,Demo,2025-07-17,2025-03-27,Organic Search,CMP000026,24356.8,ACC000453,OPP001352
Pioneer Markets - Lifecycle Redesign,61633,Demo,2025-07-08,2025-03-29,Event,CMP000006,24653.2,ACC000554,OPP001370
Evergreen Markets 21 - Lifecycle Redesign,50714,Negotiation,2025-12-04,2025-09-10,Paid Search,CMP000036,38035.5,ACC000472,OPP000511
Apex Data - Lifecycle Redesign,30921,Closed Won,2025-08-14,2025-06-04,Webinar,CMP000014,30921.0,ACC000511,OPP000056
Pioneer Platform - Lead Routing,36906,Proposal,2025-02-03,2025-01-09,Webinar,CMP000025,22143.6,ACC000052,OPP000860
Signal Markets 96 - CRM Cleanup,45235,Proposal,2026-07-06,2026-05-06,Organic Search,CMP000003,27141.0,ACC000632,OPP000217
Evergreen Group - Lifecycle Redesign,164728,Proposal,2026-09-02,2026-05-25,LinkedIn,CMP000015,98836.8,ACC000283,OPP000396
Apex Markets - Lead Routing,83551,Demo,2026-08-10,2026-04-25,Content Download,CMP000026,33420.4,ACC000260,OPP001238
Catalyst Labs - RevOps Retainer,14079,Discovery,2025-03-11,2025-02-17,Direct,CMP000025,3519.75,ACC000010,OPP000656
Atlas Data 24 - Reporting Build,21298,Prospecting,2025-05-31,2025-04-29,Event,,2129.8,ACC000561,OPP000885
Apex Analytics - CRM Cleanup,131200,Proposal,2026-10-14,2026-06-02,Referral,CMP000035,78720.0,ACC000182,OPP000499
Clearpath Intelligence 41 - Reporting Build,102532,Proposal,2026-07-30,2026-01-07,Paid Search,CMP000004,61519.2,ACC000330,OPP000422
Apex Group 61 - CRM Cleanup,137023,Prospecting,2026-09-14,2026-06-05,LinkedIn,,13702.3,ACC000563,OPP001257
Clearpath Networks 31 - HubSpot-SFDC Integration,44554,Prospecting,2026-02-03,2025-11-26,Referral,CMP000018,4455.4,ACC000599,OPP000435
Nova Works 39 - Lead Routing,5641,Closed Won,2025-12-01,2025-09-01,Direct,CMP000017,5641.0,ACC000393,OPP001429
Northstar Markets - CRM Cleanup,42826,Closed Lost,2025-07-01,2025-05-12,Content Download,CMP000028,0.0,ACC000237,OPP000067
Pioneer Ops 94 - Lead Routing,110845,Closed Won,2026-02-03,2025-10-13,Referral,CMP000026,110845.0,ACC000176,OPP000329
Keystone Dynamics 63 - CRM Cleanup,73618,Discovery,2026-02-19,2025-11-09,Outbound,CMP000019,18404.5,ACC000537,OPP000208
Vertex Ops 27 - RevOps Retainer,67332,Negotiation,2026-05-10,2026-04-01,Paid Search,CMP000016,50499.0,ACC000449,OPP001622
Vertex Dynamics 65 - Lifecycle Redesign,52973,Discovery,2026-06-21,2026-01-26,Webinar,CMP000018,13243.25,ACC000251,OPP001175
Meridian Dynamics - Lead Routing,154377,Negotiation,2026-05-23,2026-02-10,Event,CMP000035,115782.75,ACC000140,OPP000871
Evergreen Data - RevOps Retainer,118699,Discovery,2026-06-16,2026-03-13,Webinar,CMP000006,29674.75,ACC000073,OPP001643
Catalyst Dynamics 59 - Reporting Build,12449,Closed Won,2025-01-26,2025-01-11,Content Download,,12449.0,ACC000370,OPP001472
Vertex Systems 29 - Lifecycle Redesign,47916,Demo,2025-06-15,2025-01-17,LinkedIn,CMP000021,19166.4,ACC000337,OPP000698
Cobalt Health - CRM Cleanup,95604,Closed Won,2025-08-15,2025-05-03,Partner,CMP000021,95604.0,ACC000317,OPP000258
Cobalt Labs 40 - CRM Cleanup,36794,Prospecting,2025-09-16,2025-07-03,Content Download,CMP000006,3679.4,ACC000516,OPP001641
Vertex Platform - Lifecycle Redesign,119901,Closed Won,2026-08-01,2026-03-31,Partner,CMP000011,119901.0,ACC000346,OPP000436
Summit Markets 10 - RevOps Retainer,112598,Closed Lost,2025-12-23,2025-07-22,Organic Search,CMP000017,0.0,ACC000500,OPP000881
Summit Platform 29 - Reporting Build,84884,Proposal,2025-11-01,2025-09-02,Partner,CMP000008,50930.4,ACC000547,OPP000657
Keystone Ops - RevOps Retainer,125529,Closed Won,2026-03-02,2025-11-03,Content Download,CMP000029,125529.0,ACC000609,OPP000130
Bright Labs - Lifecycle Redesign,85942,Closed Won,2026-06-09,2026-03-17,Outbound,CMP000003,85942.0,ACC000029,OPP000407
Ironwood Health 54 - CRM Cleanup,70565,Prospecting,2025-07-08,2025-03-23,Webinar,CMP000002,7056.5,ACC000535,OPP000865
Meridian Ops - CRM Cleanup,233775,Discovery,2026-06-15,2026-01-03,Webinar,CMP000005,58443.75,ACC000216,OPP000852
Catalyst Intelligence - Lifecycle Redesign,190567,Demo,2025-09-03,2025-03-04,Webinar,CMP000020,76226.8,ACC000464,OPP000460
Evergreen Group - Reporting Build,75697,Prospecting,2025-09-17,2025-05-16,LinkedIn,CMP000006,7569.7,ACC000283,OPP001004
Keystone Group - HubSpot-SFDC Integration,16934,Prospecting,2025-03-03,2025-02-16,Referral,CMP000002,1693.4,ACC000058,OPP001495
Catalyst Cloud 14 - HubSpot-SFDC Integration,25427,Discovery,2025-06-12,2025-03-13,Organic Search,,6356.75,ACC000265,OPP001593
Meridian Software 78 - RevOps Retainer,198373,Demo,2026-07-06,2026-03-29,Direct,CMP000021,79349.2,ACC000126,OPP000934
Nimbus Platform 85 - HubSpot-SFDC Integration,28737,Proposal,2025-06-13,2025-03-27,Webinar,CMP000001,17242.2,ACC000485,OPP000981
Evergreen Markets 98 - Lead Routing,107669,Demo,2026-10-05,2026-06-03,Referral,CMP000030,43067.6,ACC000304,OPP000123
Meridian Labs 56 - Lead Routing,23384,Closed Won,2026-01-31,2025-12-08,Event,CMP000017,23384.0,ACC000562,OPP001005
